{"cameraMode":{"drawMode":0,"name":"Shaded","section":"Shading Mode"},"sceneLighting":false,"audioPlay":false,"sceneViewState":{"showFog":true,"showMaterialUpdate":false,"showSkybox":false,"showFlares":true,"showImageEffects":true,"showParticleSystems":true},"in2DMode":false,"pivot":{"x":7.199999809265137,"y":2.9700000286102297,"z":2.7100000381469728},"rotation":{"x":0.0021658125333487989,"y":-0.6009619832038879,"z":0.0016281036660075188,"w":0.7992761731147766},"size":2.8578836917877199,"orthographic":false}