{"cameraMode":{"drawMode":0,"name":"Shaded","section":"Shading Mode"},"sceneLighting":true,"audioPlay":false,"sceneViewState":{"showFog":true,"showMaterialUpdate":false,"showSkybox":true,"showFlares":true,"showImageEffects":true,"showParticleSystems":true},"in2DMode":false,"pivot":{"x":-3.390751838684082,"y":15.12783432006836,"z":19.546100616455079},"rotation":{"x":-0.32212701439857485,"y":0.49466246366500857,"z":-0.20403583347797395,"w":-0.7809730768203735},"size":91.09024810791016,"orthographic":false}