{"cameraMode":{"drawMode":0,"name":"Shaded","section":"Shading Mode"},"sceneLighting":false,"audioPlay":false,"sceneViewState":{"showFog":true,"showMaterialUpdate":false,"showSkybox":false,"showFlares":true,"showImageEffects":true,"showParticleSystems":true},"in2DMode":false,"pivot":{"x":-12.286364555358887,"y":42.074668884277347,"z":-44.226619720458987},"rotation":{"x":0.006884435657411814,"y":-0.9770708084106445,"z":0.03197094798088074,"w":0.21039249002933503},"size":5.943358421325684,"orthographic":false}