{"cameraMode":{"drawMode":0,"name":"Shaded","section":"Shading Mode"},"sceneLighting":false,"audioPlay":false,"sceneViewState":{"showFog":true,"showMaterialUpdate":false,"showSkybox":false,"showFlares":true,"showImageEffects":true,"showParticleSystems":true},"in2DMode":false,"pivot":{"x":0.6321069002151489,"y":25.877880096435548,"z":-41.24823760986328},"rotation":{"x":-0.0010458823526278139,"y":-0.9987293481826782,"z":0.04468247666954994,"w":-0.023383041843771936},"size":8.266368865966797,"orthographic":false}