{"cameraMode":{"drawMode":0,"name":"Shaded","section":"Shading Mode"},"sceneLighting":false,"audioPlay":false,"sceneViewState":{"showFog":true,"showMaterialUpdate":false,"showSkybox":false,"showFlares":true,"showImageEffects":true,"showParticleSystems":true},"in2DMode":false,"pivot":{"x":1.1037026643753052,"y":28.03359031677246,"z":-37.11467361450195},"rotation":{"x":0.0009599897894077003,"y":-0.9989597201347351,"z":0.025188609957695009,"w":0.03807000815868378},"size":7.622220516204834,"orthographic":false}